{
  "$schema": "https://acode.app/schema/plugin/v0.1.0.json",
  "id": "acode.plugin.fullaccess",
  "name": "Full Access Plugin",
  "main": "main.js",
  "version": "1.0.0",
  "repository": "https://github.com/doni108108doni/acode-plugin.git",
  "icon": "icon.png",
  "minVersionCode": 290,
  "license": "MIT",
  "keywords": ["full-access", "projects", "filesystem", "permissions", "all-projects"],
  "price": 0,
  "author": {
    "name": "doni108108doni",
    "email": "",
    "github": "doni108108doni"
  }
}